[
		 {
        "heroId": 1,
        "heroName": "Karna",
        "realName": "Vasusena",
        "heroStrength": "Archery",
        "heroNature": "Generousity",
        "imageUrl": "./app/assets/images/karna.jpg"
    },
    {
        "heroId": 2,
        "heroName": "Captain America",
        "realName": "Steven Rogers",
        "heroStrength": "Shield",
        "heroNature": "Confident",
        "imageUrl": "./app/assets/images/cap.jpg"
    },
    {
         "heroId": 3,
        "heroName": "Iron Man",
        "realName": "Tony Stark",
        "heroStrength": "Suit and Jarvis",
        "heroNature": "Stylish",
        "imageUrl": "./app/assets/images/IronMan.jpg"
    },
    {
          "heroId": 4,
        "heroName": "Thor",
        "realName": "Thor",
        "heroStrength": "Hammer",
        "heroNature": "Confused",
        "imageUrl": "./app/assets/images/thor.jpg"
    },
    {
        "heroId": 5,
        "heroName": "Hulk",
        "realName": "Bruce Banner",
        "heroStrength": "Size",
        "heroNature": "Angry",
        "imageUrl": "./app/assets/images/hulk.jpg"
    },
    {
        "heroId": 6,
        "heroName": "Black Widow ",
        "realName": "Agent Romanoff ",
        "heroStrength": "Mind Games",
        "heroNature": "Smart",
        "imageUrl": "./app/assets/images/blackwidow.jpg"
    },
     {
        "heroId": 7,
        "heroName": "Agent Fury",
        "realName": "Nick Fury",
        "heroStrength": "Nothing",
        "heroNature": "Serious",
        "imageUrl": "./app/assets/images/fury.jpg"
    },
	  {
        "heroId": 8,
        "heroName": "Clint Barton",
        "realName": " Jeremy Renner ",
        "heroStrength": "martial artist",
        "heroNature": "tactician ",
        "imageUrl": "./app/assets/images/clint.jpg"
    },
	  {
        "heroId": 9,
        "heroName": "Loki",
        "realName": "  Loki Odinson ",
        "heroStrength": " Superhuman strength",
        "heroNature": "Longevity ",
        "imageUrl": "./app/assets/images/Ragnarok.jpg"
    },
	   {
        "heroId": 10,
        "heroName": "Pepper Potts",
        "realName": "Virginia Hogan ",
        "heroStrength": " Coast Guard",
        "heroNature": "Rescue ",
        "imageUrl": "./app/assets/images/F_153752.jpg"
    }
]